dim,eta2,F,p_value,n,n_perm
period_specificity,0.3089,0.447,9.999000099990002e-05,720,10000
concreteness,0.1078,0.121,9.999000099990002e-05,720,10000
knowledge_invoked,0.3186,0.468,9.999000099990002e-05,720,10000
locations_cited,0.0402,0.042,0.00019998000199980003,720,10000
anchors,0.1581,0.188,9.999000099990002e-05,720,10000
